<?xml version="1.0" encoding="UTF-8"?>
<project-private xmlns="http://www.netbeans.org/ns/project-private/1">
    <open-files xmlns="http://www.netbeans.org/ns/projectui-open-files/2">
        <group>
            <file>file:/C:/wamp/www/SocialProject/socialproject.sql</file>
            <file>file:/C:/wamp/www/SocialProject/api/Slim/Slim.php</file>
            <file>file:/C:/wamp/www/SocialProject/js/ajaxGetPost.js</file>
            <file>file:/C:/wamp/www/SocialProject/api/db.php</file>
            <file>file:/C:/wamp/www/SocialProject/api/index.php</file>
            <file>file:/C:/wamp/www/SocialProject/api/Slim/Environment.php</file>
            <file>file:/C:/wamp/www/SocialProject/index.html</file>
        </group>
    </open-files>
</project-private>
